/* small changes*/


-- Insert Types
INSERT INTO TYPECODES (ID, DESCRIPT) 
VALUES  (1, 'BOOK');
INSERT INTO TYPECODES (ID, DESCRIPT)
VALUES  (2, 'MOVIE');
INSERT INTO TYPECODES (ID, DESCRIPT)
VALUES  (3, 'TV SHOW');

-- Insert Unit of Measure
INSERT INTO UOM (ID, DESCRIPT) 
VALUES  (1, 'PAGES');
INSERT INTO UOM (ID, DESCRIPT) 
VALUES  (2, 'MINUTES');

-- Insert Genres
INSERT INTO GENRE (ID, DESCRIPT) 
VALUES (GEN_ID(SYSTEMGENRENUM, 1), 'Action');
INSERT INTO GENRE (ID, DESCRIPT) 
VALUES (GEN_ID(SYSTEMGENRENUM, 2), 'Adventure');
INSERT INTO GENRE (ID, DESCRIPT) 
VALUES (GEN_ID(SYSTEMGENRENUM, 3), 'Animation');
INSERT INTO GENRE (ID, DESCRIPT) 
VALUES (GEN_ID(SYSTEMGENRENUM, 4), 'Chick Flick');
INSERT INTO GENRE (ID, DESCRIPT) 
VALUES (GEN_ID(SYSTEMGENRENUM, 5), 'Children''s');
INSERT INTO GENRE (ID, DESCRIPT) 
VALUES (GEN_ID(SYSTEMGENRENUM, 6), 'Comedy');
INSERT INTO GENRE (ID, DESCRIPT) 
VALUES (GEN_ID(SYSTEMGENRENUM, 7), 'Crime');
INSERT INTO GENRE (ID, DESCRIPT) 
VALUES (GEN_ID(SYSTEMGENRENUM, 8), 'Documentary');
INSERT INTO GENRE (ID, DESCRIPT) 
VALUES (GEN_ID(SYSTEMGENRENUM, 9), 'Drama');
INSERT INTO GENRE (ID, DESCRIPT) 
VALUES (GEN_ID(SYSTEMGENRENUM, 10), 'Fairy Tale');
INSERT INTO GENRE (ID, DESCRIPT) 
VALUES (GEN_ID(SYSTEMGENRENUM, 11), 'Family');
INSERT INTO GENRE (ID, DESCRIPT) 
VALUES (GEN_ID(SYSTEMGENRENUM, 12), 'Fantasy');
INSERT INTO GENRE (ID, DESCRIPT) 
VALUES (GEN_ID(SYSTEMGENRENUM, 13), 'Fiction');
INSERT INTO GENRE (ID, DESCRIPT) 
VALUES (GEN_ID(SYSTEMGENRENUM, 14), 'Historical Fiction');
INSERT INTO GENRE (ID, DESCRIPT) 
VALUES (GEN_ID(SYSTEMGENRENUM, 15), 'History');
INSERT INTO GENRE (ID, DESCRIPT) 
VALUES (GEN_ID(SYSTEMGENRENUM, 16), 'Horror');
INSERT INTO GENRE (ID, DESCRIPT) 
VALUES (GEN_ID(SYSTEMGENRENUM, 17), 'Musical');
INSERT INTO GENRE (ID, DESCRIPT) 
VALUES (GEN_ID(SYSTEMGENRENUM, 18), 'Mystery');
INSERT INTO GENRE (ID, DESCRIPT) 
VALUES (GEN_ID(SYSTEMGENRENUM, 19), 'Romance');
INSERT INTO GENRE (ID, DESCRIPT) 
VALUES (GEN_ID(SYSTEMGENRENUM, 20), 'Science Fiction');
INSERT INTO GENRE (ID, DESCRIPT) 
VALUES (GEN_ID(SYSTEMGENRENUM, 21), 'Stop Motion');
INSERT INTO GENRE (ID, DESCRIPT) 
VALUES (GEN_ID(SYSTEMGENRENUM, 22), 'Thriller/Suspense');
INSERT INTO GENRE (ID, DESCRIPT) 
VALUES (GEN_ID(SYSTEMGENRENUM, 23), 'War');
INSERT INTO GENRE (ID, DESCRIPT) 
VALUES (GEN_ID(SYSTEMGENRENUM, 24), 'Western');

-- Insert Series
INSERT INTO SERIES (ID, DESCRIPT) 
VALUES (GEN_ID(SYSTEMSERIESNUM, 1), 'Harry Potter');

-- Insert Items
INSERT INTO ITEM (ID, DESCRIPT, TYPEID, SERIESID, ORDERNUM, FIRSTRELEASE, LENGTH, UOMID)
VALUES (GEN_ID(SYSTEMITEMNUM, 1), 'Harry Potter and the Sorcerer''s Stone', 1, (SELECT ID FROM SERIES WHERE DESCRIPT = 'Harry Potter'), 1, '1997-06-26', 309, 1);
INSERT INTO ITEM (ID, DESCRIPT, TYPEID, SERIESID, ORDERNUM, FIRSTRELEASE, LENGTH, UOMID)
VALUES (GEN_ID(SYSTEMITEMNUM, 2), 'Harry Potter and the Chamber of Secrets', 1, (SELECT ID FROM SERIES WHERE DESCRIPT = 'Harry Potter'), 2, '1998-07-02', 341, 1);
INSERT INTO ITEM (ID, DESCRIPT, TYPEID, SERIESID, ORDERNUM, FIRSTRELEASE, LENGTH, UOMID)
VALUES (GEN_ID(SYSTEMITEMNUM, 3), 'Harry Potter and the Prisoner of Azkaban', 1, (SELECT ID FROM SERIES WHERE DESCRIPT = 'Harry Potter'), 3, '1999-07-08', 435, 1);
INSERT INTO ITEM (ID, DESCRIPT, TYPEID, SERIESID, ORDERNUM, FIRSTRELEASE, LENGTH, UOMID)
VALUES (GEN_ID(SYSTEMITEMNUM, 4), 'Harry Potter and the Goblet of Fire', 1, (SELECT ID FROM SERIES WHERE DESCRIPT = 'Harry Potter'), 4, '2000-07-08', 734, 1);
INSERT INTO ITEM (ID, DESCRIPT, TYPEID, SERIESID, ORDERNUM, FIRSTRELEASE, LENGTH, UOMID)
VALUES (GEN_ID(SYSTEMITEMNUM, 5), 'Harry Potter and the Order of the Phoenix', 1, (SELECT ID FROM SERIES WHERE DESCRIPT = 'Harry Potter'), 5, '2003-06-21', 870, 1);
INSERT INTO ITEM (ID, DESCRIPT, TYPEID, SERIESID, ORDERNUM, FIRSTRELEASE, LENGTH, UOMID)
VALUES (GEN_ID(SYSTEMITEMNUM, 6), 'Harry Potter and the Half-Blood Prince', 1, (SELECT ID FROM SERIES WHERE DESCRIPT = 'Harry Potter'), 6, '2005-07-16', 652, 1);
INSERT INTO ITEM (ID, DESCRIPT, TYPEID, SERIESID, ORDERNUM, FIRSTRELEASE, LENGTH, UOMID)
VALUES (GEN_ID(SYSTEMITEMNUM, 7), 'Harry Potter and the Deathly Hallows', 1, (SELECT ID FROM SERIES WHERE DESCRIPT = 'Harry Potter'), 7, '2007-07-21', 759, 1);
INSERT INTO ITEM (ID, DESCRIPT, TYPEID, SERIESID, ORDERNUM, FIRSTRELEASE, LENGTH, UOMID)
VALUES (GEN_ID(SYSTEMITEMNUM, 8), 'Snow White and the Seven Dwarfs', 2, NULL, 1, '1937-12-21', 83, 2);
INSERT INTO ITEM (ID, DESCRIPT, TYPEID, SERIESID, ORDERNUM, FIRSTRELEASE, LENGTH, UOMID)
VALUES (GEN_ID(SYSTEMITEMNUM, 9), 'Cinderella', 2, NULL, 2, '1950-02-15', 74, 2);
INSERT INTO ITEM (ID, DESCRIPT, TYPEID, SERIESID, ORDERNUM, FIRSTRELEASE, LENGTH, UOMID)
VALUES (GEN_ID(SYSTEMITEMNUM, 10), 'Sleeping Beauty', 2, NULL, 3, '1959-01-29', 75, 2);
INSERT INTO ITEM (ID, DESCRIPT, TYPEID, SERIESID, ORDERNUM, FIRSTRELEASE, LENGTH, UOMID)
VALUES (GEN_ID(SYSTEMITEMNUM, 11), 'Beauty and the Beast', 2, NULL, 4, '1991-11-22', 84, 2);
INSERT INTO ITEM (ID, DESCRIPT, TYPEID, SERIESID, ORDERNUM, FIRSTRELEASE, LENGTH, UOMID)
VALUES (GEN_ID(SYSTEMITEMNUM, 12), 'The Lion King', 2, NULL, 5, '1994-06-15', 88, 2);

-- Insert Author (J.K. Rowling)
INSERT INTO PEOPLE (ID, FIRSTNAME, LASTNAME) 
VALUES (GEN_ID(SYSTEMPEOPLENUM, 1), 'J.K.', 'Rowling');

-- Assign Author to Books
INSERT INTO AUTHOR (ITEMID, PEOPLEID, ORDERID)
VALUES ((SELECT ID FROM ITEM WHERE DESCRIPT = 'Harry Potter and the Sorcerer''s Stone'), (SELECT ID FROM PEOPLE WHERE LASTNAME = 'Rowling'), 1);
INSERT INTO AUTHOR (ITEMID, PEOPLEID, ORDERID)
VALUES ((SELECT ID FROM ITEM WHERE DESCRIPT = 'Harry Potter and the Chamber of Secrets'), (SELECT ID FROM PEOPLE WHERE LASTNAME = 'Rowling'), 1);
INSERT INTO AUTHOR (ITEMID, PEOPLEID, ORDERID)
VALUES ((SELECT ID FROM ITEM WHERE DESCRIPT = 'Harry Potter and the Prisoner of Azkaban'), (SELECT ID FROM PEOPLE WHERE LASTNAME = 'Rowling'), 1);
INSERT INTO AUTHOR (ITEMID, PEOPLEID, ORDERID)
VALUES ((SELECT ID FROM ITEM WHERE DESCRIPT = 'Harry Potter and the Goblet of Fire'), (SELECT ID FROM PEOPLE WHERE LASTNAME = 'Rowling'), 1);
INSERT INTO AUTHOR (ITEMID, PEOPLEID, ORDERID)
VALUES ((SELECT ID FROM ITEM WHERE DESCRIPT = 'Harry Potter and the Order of the Phoenix'), (SELECT ID FROM PEOPLE WHERE LASTNAME = 'Rowling'), 1);
INSERT INTO AUTHOR (ITEMID, PEOPLEID, ORDERID)
VALUES ((SELECT ID FROM ITEM WHERE DESCRIPT = 'Harry Potter and the Half-Blood Prince'), (SELECT ID FROM PEOPLE WHERE LASTNAME = 'Rowling'), 1);
INSERT INTO AUTHOR (ITEMID, PEOPLEID, ORDERID)
VALUES ((SELECT ID FROM ITEM WHERE DESCRIPT = 'Harry Potter and the Deathly Hallows'), (SELECT ID FROM PEOPLE WHERE LASTNAME = 'Rowling'), 1);

-- Assign Genres
INSERT INTO ITEMGENRE (ITEMID, GENREID, ORDERID)
VALUES ((SELECT ID FROM ITEM WHERE DESCRIPT = 'Harry Potter and the Sorcerer''s Stone'), (SELECT ID FROM GENRE WHERE DESCRIPT = 'Fantasy'), 1);
INSERT INTO ITEMGENRE (ITEMID, GENREID, ORDERID)
VALUES ((SELECT ID FROM ITEM WHERE DESCRIPT = 'Harry Potter and the Sorcerer''s Stone'), (SELECT ID FROM GENRE WHERE DESCRIPT = 'Adventure'), 2);
INSERT INTO ITEMGENRE (ITEMID, GENREID, ORDERID)
VALUES ((SELECT ID FROM ITEM WHERE DESCRIPT = 'Harry Potter and the Sorcerer''s Stone'), (SELECT ID FROM GENRE WHERE DESCRIPT = 'Fiction'), 3);
INSERT INTO ITEMGENRE (ITEMID, GENREID, ORDERID)
VALUES ((SELECT ID FROM ITEM WHERE DESCRIPT = 'Harry Potter and the Chamber of Secrets'), (SELECT ID FROM GENRE WHERE DESCRIPT = 'Fantasy'), 1);
INSERT INTO ITEMGENRE (ITEMID, GENREID, ORDERID)
VALUES ((SELECT ID FROM ITEM WHERE DESCRIPT = 'Harry Potter and the Chamber of Secrets'), (SELECT ID FROM GENRE WHERE DESCRIPT = 'Adventure'), 2);
INSERT INTO ITEMGENRE (ITEMID, GENREID, ORDERID)
VALUES ((SELECT ID FROM ITEM WHERE DESCRIPT = 'Harry Potter and the Chamber of Secrets'), (SELECT ID FROM GENRE WHERE DESCRIPT = 'Fiction'), 3);
INSERT INTO ITEMGENRE (ITEMID, GENREID, ORDERID)
VALUES ((SELECT ID FROM ITEM WHERE DESCRIPT = 'Harry Potter and the Prisoner of Azkaban'), (SELECT ID FROM GENRE WHERE DESCRIPT = 'Fantasy'), 1);
INSERT INTO ITEMGENRE (ITEMID, GENREID, ORDERID)
VALUES ((SELECT ID FROM ITEM WHERE DESCRIPT = 'Harry Potter and the Prisoner of Azkaban'), (SELECT ID FROM GENRE WHERE DESCRIPT = 'Adventure'), 2);
INSERT INTO ITEMGENRE (ITEMID, GENREID, ORDERID)
VALUES ((SELECT ID FROM ITEM WHERE DESCRIPT = 'Harry Potter and the Prisoner of Azkaban'), (SELECT ID FROM GENRE WHERE DESCRIPT = 'Fiction'), 3);
INSERT INTO ITEMGENRE (ITEMID, GENREID, ORDERID)
VALUES ((SELECT ID FROM ITEM WHERE DESCRIPT = 'Harry Potter and the Goblet of Fire'), (SELECT ID FROM GENRE WHERE DESCRIPT = 'Fantasy'), 1);
INSERT INTO ITEMGENRE (ITEMID, GENREID, ORDERID)
VALUES ((SELECT ID FROM ITEM WHERE DESCRIPT = 'Harry Potter and the Goblet of Fire'), (SELECT ID FROM GENRE WHERE DESCRIPT = 'Adventure'), 2);
INSERT INTO ITEMGENRE (ITEMID, GENREID, ORDERID)
VALUES ((SELECT ID FROM ITEM WHERE DESCRIPT = 'Harry Potter and the Goblet of Fire'), (SELECT ID FROM GENRE WHERE DESCRIPT = 'Fiction'), 3);
INSERT INTO ITEMGENRE (ITEMID, GENREID, ORDERID)
VALUES ((SELECT ID FROM ITEM WHERE DESCRIPT = 'Harry Potter and the Order of the Phoenix'), (SELECT ID FROM GENRE WHERE DESCRIPT = 'Fantasy'), 1);
INSERT INTO ITEMGENRE (ITEMID, GENREID, ORDERID)
VALUES ((SELECT ID FROM ITEM WHERE DESCRIPT = 'Harry Potter and the Order of the Phoenix'), (SELECT ID FROM GENRE WHERE DESCRIPT = 'Adventure'), 2);
INSERT INTO ITEMGENRE (ITEMID, GENREID, ORDERID)
VALUES ((SELECT ID FROM ITEM WHERE DESCRIPT = 'Harry Potter and the Order of the Phoenix'), (SELECT ID FROM GENRE WHERE DESCRIPT = 'Fiction'), 3);
INSERT INTO ITEMGENRE (ITEMID, GENREID, ORDERID)
VALUES ((SELECT ID FROM ITEM WHERE DESCRIPT = 'Harry Potter and the Half-Blood Prince'), (SELECT ID FROM GENRE WHERE DESCRIPT = 'Fantasy'), 1);
INSERT INTO ITEMGENRE (ITEMID, GENREID, ORDERID)
VALUES ((SELECT ID FROM ITEM WHERE DESCRIPT = 'Harry Potter and the Half-Blood Prince'), (SELECT ID FROM GENRE WHERE DESCRIPT = 'Adventure'), 2);
INSERT INTO ITEMGENRE (ITEMID, GENREID, ORDERID)
VALUES ((SELECT ID FROM ITEM WHERE DESCRIPT = 'Harry Potter and the Half-Blood Prince'), (SELECT ID FROM GENRE WHERE DESCRIPT = 'Fiction'), 3);
INSERT INTO ITEMGENRE (ITEMID, GENREID, ORDERID)
VALUES ((SELECT ID FROM ITEM WHERE DESCRIPT = 'Harry Potter and the Deathly Hallows'), (SELECT ID FROM GENRE WHERE DESCRIPT = 'Fantasy'), 1);
INSERT INTO ITEMGENRE (ITEMID, GENREID, ORDERID)
VALUES ((SELECT ID FROM ITEM WHERE DESCRIPT = 'Harry Potter and the Deathly Hallows'), (SELECT ID FROM GENRE WHERE DESCRIPT = 'Adventure'), 2);
INSERT INTO ITEMGENRE (ITEMID, GENREID, ORDERID)
VALUES ((SELECT ID FROM ITEM WHERE DESCRIPT = 'Harry Potter and the Deathly Hallows'), (SELECT ID FROM GENRE WHERE DESCRIPT = 'Fiction'), 3);
INSERT INTO ITEMGENRE (ITEMID, GENREID, ORDERID)
VALUES ((SELECT ID FROM ITEM WHERE DESCRIPT = 'Snow White and the Seven Dwarfs'), (SELECT ID FROM GENRE WHERE DESCRIPT = 'Animation'), 1);
INSERT INTO ITEMGENRE (ITEMID, GENREID, ORDERID)
VALUES ((SELECT ID FROM ITEM WHERE DESCRIPT = 'Snow White and the Seven Dwarfs'), (SELECT ID FROM GENRE WHERE DESCRIPT = 'Fantasy'), 2);
INSERT INTO ITEMGENRE (ITEMID, GENREID, ORDERID)
VALUES ((SELECT ID FROM ITEM WHERE DESCRIPT = 'Snow White and the Seven Dwarfs'), (SELECT ID FROM GENRE WHERE DESCRIPT = 'Family'), 3);
INSERT INTO ITEMGENRE (ITEMID, GENREID, ORDERID)
VALUES ((SELECT ID FROM ITEM WHERE DESCRIPT = 'Cinderella'), (SELECT ID FROM GENRE WHERE DESCRIPT = 'Animation'), 1);
INSERT INTO ITEMGENRE (ITEMID, GENREID, ORDERID)
VALUES ((SELECT ID FROM ITEM WHERE DESCRIPT = 'Cinderella'), (SELECT ID FROM GENRE WHERE DESCRIPT = 'Fantasy'), 2);
INSERT INTO ITEMGENRE (ITEMID, GENREID, ORDERID)
VALUES ((SELECT ID FROM ITEM WHERE DESCRIPT = 'Cinderella'), (SELECT ID FROM GENRE WHERE DESCRIPT = 'Romance'), 3);
INSERT INTO ITEMGENRE (ITEMID, GENREID, ORDERID)
VALUES ((SELECT ID FROM ITEM WHERE DESCRIPT = 'Sleeping Beauty'), (SELECT ID FROM GENRE WHERE DESCRIPT = 'Animation'), 1);
INSERT INTO ITEMGENRE (ITEMID, GENREID, ORDERID)
VALUES ((SELECT ID FROM ITEM WHERE DESCRIPT = 'Sleeping Beauty'), (SELECT ID FROM GENRE WHERE DESCRIPT = 'Fantasy'), 2);
INSERT INTO ITEMGENRE (ITEMID, GENREID, ORDERID)
VALUES ((SELECT ID FROM ITEM WHERE DESCRIPT = 'Sleeping Beauty'), (SELECT ID FROM GENRE WHERE DESCRIPT = 'Romance'), 3);
INSERT INTO ITEMGENRE (ITEMID, GENREID, ORDERID)
VALUES ((SELECT ID FROM ITEM WHERE DESCRIPT = 'Beauty and the Beast'), (SELECT ID FROM GENRE WHERE DESCRIPT = 'Animation'), 1);
INSERT INTO ITEMGENRE (ITEMID, GENREID, ORDERID)
VALUES ((SELECT ID FROM ITEM WHERE DESCRIPT = 'Beauty and the Beast'), (SELECT ID FROM GENRE WHERE DESCRIPT = 'Fantasy'), 2);
INSERT INTO ITEMGENRE (ITEMID, GENREID, ORDERID)
VALUES ((SELECT ID FROM ITEM WHERE DESCRIPT = 'Beauty and the Beast'), (SELECT ID FROM GENRE WHERE DESCRIPT = 'Romance'), 3);
INSERT INTO ITEMGENRE (ITEMID, GENREID, ORDERID)
VALUES ((SELECT ID FROM ITEM WHERE DESCRIPT = 'The Lion King'), (SELECT ID FROM GENRE WHERE DESCRIPT = 'Animation'), 1);
INSERT INTO ITEMGENRE (ITEMID, GENREID, ORDERID)
VALUES ((SELECT ID FROM ITEM WHERE DESCRIPT = 'The Lion King'), (SELECT ID FROM GENRE WHERE DESCRIPT = 'Adventure'), 2);
INSERT INTO ITEMGENRE (ITEMID, GENREID, ORDERID)
VALUES ((SELECT ID FROM ITEM WHERE DESCRIPT = 'The Lion King'), (SELECT ID FROM GENRE WHERE DESCRIPT = 'Family'), 3);

-- Insert Production Company and Platform
INSERT INTO ENTITY (ID, DESCRIPT) 
VALUES (GEN_ID(SYSTEMENTITYNUM, 1), 'Walt Disney Animation Studios');
INSERT INTO ENTITY (ID, DESCRIPT) 
VALUES (GEN_ID(SYSTEMENTITYNUM, 2), 'Walt Disney Pictures');
INSERT INTO ENTITY (ID, DESCRIPT) 
VALUES (GEN_ID(SYSTEMENTITYNUM, 3), 'Disney+');

-- Assign Production Company to Movies
INSERT INTO PRODUCTION (ITEMID, ENTITYID, ORDERID)
VALUES ((SELECT ID FROM ITEM WHERE DESCRIPT = 'Snow White and the Seven Dwarfs'), (SELECT ID FROM ENTITY WHERE DESCRIPT = 'Walt Disney Animation Studios'), 1);
INSERT INTO PRODUCTION (ITEMID, ENTITYID, ORDERID)
VALUES ((SELECT ID FROM ITEM WHERE DESCRIPT = 'Snow White and the Seven Dwarfs'), (SELECT ID FROM ENTITY WHERE DESCRIPT = 'Walt Disney Pictures'), 2);
INSERT INTO PRODUCTION (ITEMID, ENTITYID, ORDERID)
VALUES ((SELECT ID FROM ITEM WHERE DESCRIPT = 'Cinderella'), (SELECT ID FROM ENTITY WHERE DESCRIPT = 'Walt Disney Animation Studios'), 1);
INSERT INTO PRODUCTION (ITEMID, ENTITYID, ORDERID)
VALUES ((SELECT ID FROM ITEM WHERE DESCRIPT = 'Cinderella'), (SELECT ID FROM ENTITY WHERE DESCRIPT = 'Walt Disney Pictures'), 2);
INSERT INTO PRODUCTION (ITEMID, ENTITYID, ORDERID)
VALUES ((SELECT ID FROM ITEM WHERE DESCRIPT = 'Sleeping Beauty'), (SELECT ID FROM ENTITY WHERE DESCRIPT = 'Walt Disney Animation Studios'), 1);
INSERT INTO PRODUCTION (ITEMID, ENTITYID, ORDERID)
VALUES ((SELECT ID FROM ITEM WHERE DESCRIPT = 'Sleeping Beauty'), (SELECT ID FROM ENTITY WHERE DESCRIPT = 'Walt Disney Pictures'), 2);
INSERT INTO PRODUCTION (ITEMID, ENTITYID, ORDERID)
VALUES ((SELECT ID FROM ITEM WHERE DESCRIPT = 'Beauty and the Beast'), (SELECT ID FROM ENTITY WHERE DESCRIPT = 'Walt Disney Animation Studios'), 1);
INSERT INTO PRODUCTION (ITEMID, ENTITYID, ORDERID)
VALUES ((SELECT ID FROM ITEM WHERE DESCRIPT = 'Beauty and the Beast'), (SELECT ID FROM ENTITY WHERE DESCRIPT = 'Walt Disney Pictures'), 2);
INSERT INTO PRODUCTION (ITEMID, ENTITYID, ORDERID)
VALUES ((SELECT ID FROM ITEM WHERE DESCRIPT = 'The Lion King'), (SELECT ID FROM ENTITY WHERE DESCRIPT = 'Walt Disney Animation Studios'), 1);
INSERT INTO PRODUCTION (ITEMID, ENTITYID, ORDERID)
VALUES ((SELECT ID FROM ITEM WHERE DESCRIPT = 'The Lion King'), (SELECT ID FROM ENTITY WHERE DESCRIPT = 'Walt Disney Pictures'), 2);

-- Assign Movies to Disney+ Platform
INSERT INTO PLATFORM (ITEMID, ENTITYID, ORDERID)
VALUES ((SELECT ID FROM ITEM WHERE DESCRIPT = 'Snow White and the Seven Dwarfs'), (SELECT ID FROM ENTITY WHERE DESCRIPT = 'Disney+'), 1);
INSERT INTO PLATFORM (ITEMID, ENTITYID, ORDERID)
VALUES ((SELECT ID FROM ITEM WHERE DESCRIPT = 'Cinderella'), (SELECT ID FROM ENTITY WHERE DESCRIPT = 'Disney+'), 1);
INSERT INTO PLATFORM (ITEMID, ENTITYID, ORDERID)
VALUES ((SELECT ID FROM ITEM WHERE DESCRIPT = 'Sleeping Beauty'), (SELECT ID FROM ENTITY WHERE DESCRIPT = 'Disney+'), 1);
INSERT INTO PLATFORM (ITEMID, ENTITYID, ORDERID)
VALUES ((SELECT ID FROM ITEM WHERE DESCRIPT = 'Beauty and the Beast'), (SELECT ID FROM ENTITY WHERE DESCRIPT = 'Disney+'), 1);
INSERT INTO PLATFORM (ITEMID, ENTITYID, ORDERID)
VALUES ((SELECT ID FROM ITEM WHERE DESCRIPT = 'The Lion King'), (SELECT ID FROM ENTITY WHERE DESCRIPT = 'Disney+'), 1);